Rank,School Name,Borough,Total SAT Score,Percent Tested Numeric,Success Score 100
1,Stuyvesant High School,Manhattan,2144,97.4,99.04
2,Staten Island Technical High School,Staten Island,2041,99.7,93.98
3,Bronx High School of Science,Bronx,2041,97.0,92.99
4,Townsend Harris High School,Queens,1981,97.1,89.58
5,High School of American Studies at Lehman College,Bronx,2013,91.8,89.47
6,Queens High School for the Sciences at York College,Queens,1947,97.9,87.92
7,Baccalaureate School for Global Education,Queens,1881,98.5,84.36
8,Brooklyn Technical High School,Brooklyn,1896,95.5,84.11
9,"High School for Mathematics, Science, and Engineering at City College",Manhattan,1889,92.6,82.64
10,"New Explorations into Science, Technology and Math High School",Manhattan,1859,91.0,80.33
